{
  "train_rmse": 18.673839611530006,
  "train_r2": 0.48370230128205416,
  "val_rmse": 25.5734521264732,
  "val_r2": 0.09631171325750243
}