{
  "train_rmse": 4.090777625082129,
  "train_r2": 0.7546890474187866,
  "val_rmse": 9.476210125465,
  "val_r2": -0.17149601718359153
}