{
  "train_rmse": 5.480889724559926,
  "train_r2": 0.559640547089074,
  "val_rmse": 8.20071798718602,
  "val_r2": 0.12264530068483948
}