{
  "train_rmse": 5.502010187164564,
  "train_r2": 0.5562401812271878,
  "val_rmse": 8.300135234149534,
  "val_r2": 0.10124402873038951
}